snapshot_utc,fixture_id,start_time,match,outcome,pinnacle_fair,betfair_fair,betfair_back,betfair_lay,pinnacle_changed_at
2026-10-02T05:41:48Z,id1000001772221292,2026-10-10T11:30:00.000Z,Arsenal FC vs Leeds United,home,0.6903,0.7095,1.41,1.42,2026-10-01T08:05:33.044Z
2026-10-02T05:41:48Z,id1000001772221292,2026-10-10T11:30:00.000Z,Arsenal FC vs Leeds United,draw,0.1888,0.1777,5.6,5.7,2026-10-01T08:05:33.044Z
2026-10-02T05:41:48Z,id1000001772221292,2026-10-10T11:30:00.000Z,Arsenal FC vs Leeds United,away,0.1209,0.1128,8.8,9,2026-10-01T08:05:33.044Z
2026-10-02T05:41:49Z,id1000001772221294,2026-10-10T14:00:00.000Z,Aston Villa vs Brentford FC,home,0.362,0.3616,2.74,2.78,2026-09-28T05:54:20.053Z
2026-10-02T05:41:49Z,id1000001772221294,2026-10-10T14:00:00.000Z,Aston Villa vs Brentford FC,draw,0.269,0.2715,3.65,3.7,2026-09-28T05:54:20.053Z
2026-10-02T05:41:49Z,id1000001772221294,2026-10-10T14:00:00.000Z,Aston Villa vs Brentford FC,away,0.369,0.3669,2.7,2.74,2026-09-28T05:54:20.053Z
2026-10-02T05:41:51Z,id1000001772221296,2026-10-10T14:00:00.000Z,Chelsea FC vs AFC Bournemouth,home,0.5531,0.5627,1.78,1.79,2026-10-01T02:38:24.757Z
2026-10-02T05:41:51Z,id1000001772221296,2026-10-10T14:00:00.000Z,Chelsea FC vs AFC Bournemouth,draw,0.2324,0.2258,4.4,4.5,2026-10-01T02:38:24.757Z
2026-10-02T05:41:51Z,id1000001772221296,2026-10-10T14:00:00.000Z,Chelsea FC vs AFC Bournemouth,away,0.2145,0.2115,4.7,4.8,2026-10-01T02:38:24.757Z
2026-10-02T05:41:52Z,id1000001772221304,2026-10-10T14:00:00.000Z,Ipswich Town vs Fulham FC,home,0.3579,0.3573,2.78,2.82,2026-09-19T19:28:37.050Z
2026-10-02T05:41:52Z,id1000001772221304,2026-10-10T14:00:00.000Z,Ipswich Town vs Fulham FC,draw,0.2644,0.2722,3.65,3.7,2026-09-19T19:28:37.050Z
2026-10-02T05:41:52Z,id1000001772221304,2026-10-10T14:00:00.000Z,Ipswich Town vs Fulham FC,away,0.3777,0.3705,2.68,2.72,2026-09-19T19:28:37.050Z
2026-10-02T05:41:53Z,id1000001772221310,2026-10-10T14:00:00.000Z,Sunderland AFC vs Brighton & Hove Albion,home,0.3321,0.3282,3,3.1,2026-09-28T11:17:31.284Z
2026-10-02T05:41:53Z,id1000001772221310,2026-10-10T14:00:00.000Z,Sunderland AFC vs Brighton & Hove Albion,draw,0.2708,0.2761,3.6,3.65,2026-09-28T11:17:31.284Z
2026-10-02T05:41:53Z,id1000001772221310,2026-10-10T14:00:00.000Z,Sunderland AFC vs Brighton & Hove Albion,away,0.3971,0.3957,2.5,2.56,2026-09-28T11:17:31.284Z
2026-10-02T05:41:55Z,id1000001772221308,2026-10-10T16:30:00.000Z,Manchester United vs Tottenham Hotspur,home,0.5564,0.5655,1.76,1.77,2026-09-24T16:05:28.751Z
2026-10-02T05:41:55Z,id1000001772221308,2026-10-10T16:30:00.000Z,Manchester United vs Tottenham Hotspur,draw,0.2236,0.2243,4.4,4.5,2026-09-24T16:05:28.751Z
2026-10-02T05:41:55Z,id1000001772221308,2026-10-10T16:30:00.000Z,Manchester United vs Tottenham Hotspur,away,0.22,0.2102,4.7,4.8,2026-09-24T16:05:28.751Z
2026-10-02T05:41:56Z,id1000001772221300,2026-10-11T13:00:00.000Z,Crystal Palace vs Nottingham Forest,home,0.3624,0.3584,2.76,2.82,2026-09-30T08:08:40.706Z
2026-10-02T05:41:56Z,id1000001772221300,2026-10-11T13:00:00.000Z,Crystal Palace vs Nottingham Forest,draw,0.2779,0.292,3.4,3.45,2026-09-30T08:08:40.706Z
2026-10-02T05:41:56Z,id1000001772221300,2026-10-11T13:00:00.000Z,Crystal Palace vs Nottingham Forest,away,0.3597,0.3496,2.84,2.88,2026-09-30T08:08:40.706Z
2026-10-02T05:41:58Z,id1000001772221302,2026-10-11T13:00:00.000Z,Hull City vs Everton FC,home,0.2555,0.2504,3.9,4.1,2026-09-26T07:37:12.728Z
2026-10-02T05:41:58Z,id1000001772221302,2026-10-11T13:00:00.000Z,Hull City vs Everton FC,draw,0.2787,0.2881,3.45,3.5,2026-09-26T07:37:12.728Z
2026-10-02T05:41:58Z,id1000001772221302,2026-10-11T13:00:00.000Z,Hull City vs Everton FC,away,0.4658,0.4614,2.14,2.2,2026-09-26T07:37:12.728Z
2026-10-02T05:41:59Z,id1000001772221306,2026-10-11T15:30:00.000Z,Liverpool FC vs Manchester City,home,0.3709,0.3669,2.72,2.74,2026-10-01T02:25:54.844Z
2026-10-02T05:41:59Z,id1000001772221306,2026-10-11T15:30:00.000Z,Liverpool FC vs Manchester City,draw,0.2583,0.2552,3.9,3.95,2026-10-01T02:25:54.844Z
2026-10-02T05:41:59Z,id1000001772221306,2026-10-11T15:30:00.000Z,Liverpool FC vs Manchester City,away,0.3709,0.3779,2.64,2.66,2026-10-01T02:25:54.844Z
2026-10-02T05:42:01Z,id1000001772221298,2026-10-12T19:00:00.000Z,Coventry City vs Newcastle United,home,0.2922,0.2909,3.4,3.45,2026-09-30T13:12:07.705Z
2026-10-02T05:42:01Z,id1000001772221298,2026-10-12T19:00:00.000Z,Coventry City vs Newcastle United,draw,0.2646,0.2623,3.75,3.85,2026-09-30T13:12:07.705Z
2026-10-02T05:42:01Z,id1000001772221298,2026-10-12T19:00:00.000Z,Coventry City vs Newcastle United,away,0.4431,0.4468,2.22,2.24,2026-09-30T13:12:07.705Z
2026-10-02T05:43:31Z,id1000001772221292,2026-10-10T11:30:00.000Z,Arsenal FC vs Leeds United,home,0.6903,0.7095,1.41,1.42,2026-10-01T08:05:33.044Z
2026-10-02T05:43:31Z,id1000001772221292,2026-10-10T11:30:00.000Z,Arsenal FC vs Leeds United,draw,0.1888,0.1777,5.6,5.7,2026-10-01T08:05:33.044Z
2026-10-02T05:43:31Z,id1000001772221292,2026-10-10T11:30:00.000Z,Arsenal FC vs Leeds United,away,0.1209,0.1128,8.8,9,2026-10-01T08:05:33.044Z
2026-10-02T05:43:32Z,id1000001772221294,2026-10-10T14:00:00.000Z,Aston Villa vs Brentford FC,home,0.362,0.3616,2.74,2.78,2026-09-28T05:54:20.053Z
2026-10-02T05:43:32Z,id1000001772221294,2026-10-10T14:00:00.000Z,Aston Villa vs Brentford FC,draw,0.269,0.2715,3.65,3.7,2026-09-28T05:54:20.053Z
2026-10-02T05:43:32Z,id1000001772221294,2026-10-10T14:00:00.000Z,Aston Villa vs Brentford FC,away,0.369,0.3669,2.7,2.74,2026-09-28T05:54:20.053Z
2026-10-02T05:43:34Z,id1000001772221296,2026-10-10T14:00:00.000Z,Chelsea FC vs AFC Bournemouth,home,0.5531,0.5627,1.78,1.79,2026-10-01T02:38:24.757Z
2026-10-02T05:43:34Z,id1000001772221296,2026-10-10T14:00:00.000Z,Chelsea FC vs AFC Bournemouth,draw,0.2324,0.2258,4.4,4.5,2026-10-01T02:38:24.757Z
2026-10-02T05:43:34Z,id1000001772221296,2026-10-10T14:00:00.000Z,Chelsea FC vs AFC Bournemouth,away,0.2145,0.2115,4.7,4.8,2026-10-01T02:38:24.757Z
2026-10-02T05:43:35Z,id1000001772221304,2026-10-10T14:00:00.000Z,Ipswich Town vs Fulham FC,home,0.3579,0.3573,2.78,2.82,2026-09-19T19:28:37.050Z
2026-10-02T05:43:35Z,id1000001772221304,2026-10-10T14:00:00.000Z,Ipswich Town vs Fulham FC,draw,0.2644,0.2722,3.65,3.7,2026-09-19T19:28:37.050Z
2026-10-02T05:43:35Z,id1000001772221304,2026-10-10T14:00:00.000Z,Ipswich Town vs Fulham FC,away,0.3777,0.3705,2.68,2.72,2026-09-19T19:28:37.050Z
2026-10-02T05:43:36Z,id1000001772221310,2026-10-10T14:00:00.000Z,Sunderland AFC vs Brighton & Hove Albion,home,0.3321,0.3282,3,3.1,2026-09-28T11:17:31.284Z
2026-10-02T05:43:36Z,id1000001772221310,2026-10-10T14:00:00.000Z,Sunderland AFC vs Brighton & Hove Albion,draw,0.2708,0.2761,3.6,3.65,2026-09-28T11:17:31.284Z
2026-10-02T05:43:36Z,id1000001772221310,2026-10-10T14:00:00.000Z,Sunderland AFC vs Brighton & Hove Albion,away,0.3971,0.3957,2.5,2.56,2026-09-28T11:17:31.284Z
2026-10-02T05:43:38Z,id1000001772221308,2026-10-10T16:30:00.000Z,Manchester United vs Tottenham Hotspur,home,0.5564,0.5655,1.76,1.77,2026-09-24T16:05:28.751Z
2026-10-02T05:43:38Z,id1000001772221308,2026-10-10T16:30:00.000Z,Manchester United vs Tottenham Hotspur,draw,0.2236,0.2243,4.4,4.5,2026-09-24T16:05:28.751Z
2026-10-02T05:43:38Z,id1000001772221308,2026-10-10T16:30:00.000Z,Manchester United vs Tottenham Hotspur,away,0.22,0.2102,4.7,4.8,2026-09-24T16:05:28.751Z
2026-10-02T05:43:39Z,id1000001772221300,2026-10-11T13:00:00.000Z,Crystal Palace vs Nottingham Forest,home,0.3624,0.3584,2.76,2.82,2026-09-30T08:08:40.706Z
2026-10-02T05:43:39Z,id1000001772221300,2026-10-11T13:00:00.000Z,Crystal Palace vs Nottingham Forest,draw,0.2779,0.292,3.4,3.45,2026-09-30T08:08:40.706Z
2026-10-02T05:43:39Z,id1000001772221300,2026-10-11T13:00:00.000Z,Crystal Palace vs Nottingham Forest,away,0.3597,0.3496,2.84,2.88,2026-09-30T08:08:40.706Z
2026-10-02T05:43:40Z,id1000001772221302,2026-10-11T13:00:00.000Z,Hull City vs Everton FC,home,0.2555,0.2504,3.9,4.1,2026-09-26T07:37:12.728Z
2026-10-02T05:43:40Z,id1000001772221302,2026-10-11T13:00:00.000Z,Hull City vs Everton FC,draw,0.2787,0.2881,3.45,3.5,2026-09-26T07:37:12.728Z
2026-10-02T05:43:40Z,id1000001772221302,2026-10-11T13:00:00.000Z,Hull City vs Everton FC,away,0.4658,0.4614,2.14,2.2,2026-09-26T07:37:12.728Z
2026-10-02T05:43:41Z,id1000001772221306,2026-10-11T15:30:00.000Z,Liverpool FC vs Manchester City,home,0.3709,0.3669,2.72,2.74,2026-10-01T02:25:54.844Z
2026-10-02T05:43:41Z,id1000001772221306,2026-10-11T15:30:00.000Z,Liverpool FC vs Manchester City,draw,0.2583,0.2552,3.9,3.95,2026-10-01T02:25:54.844Z
2026-10-02T05:43:41Z,id1000001772221306,2026-10-11T15:30:00.000Z,Liverpool FC vs Manchester City,away,0.3709,0.3779,2.64,2.66,2026-10-01T02:25:54.844Z
2026-10-02T05:43:43Z,id1000001772221298,2026-10-12T19:00:00.000Z,Coventry City vs Newcastle United,home,0.2922,0.2909,3.4,3.45,2026-09-30T13:12:07.705Z
2026-10-02T05:43:43Z,id1000001772221298,2026-10-12T19:00:00.000Z,Coventry City vs Newcastle United,draw,0.2646,0.2623,3.75,3.85,2026-09-30T13:12:07.705Z
2026-10-02T05:43:43Z,id1000001772221298,2026-10-12T19:00:00.000Z,Coventry City vs Newcastle United,away,0.4431,0.4468,2.22,2.24,2026-09-30T13:12:07.705Z
