snapshot_utc,match,end_date,outcome,mid,bid,ask,fair,volume
2026-10-01T03:42:23Z,Liverpool FC vs. Manchester City FC,2026-10-11T15:30:00Z,home,0.375,0.37,0.38,0.3695,1202.467413
2026-10-01T03:42:23Z,Liverpool FC vs. Manchester City FC,2026-10-11T15:30:00Z,draw,0.255,0.25,0.26,0.2512,54.472935
2026-10-01T03:42:23Z,Liverpool FC vs. Manchester City FC,2026-10-11T15:30:00Z,away,0.385,0.38,0.39,0.3793,7751.118787999999
2026-10-01T03:42:23Z,Arsenal FC vs. Leeds United FC,2026-10-10T11:30:00Z,home,0.715,0.71,0.72,0.7114,1866.952505
2026-10-01T03:42:23Z,Arsenal FC vs. Leeds United FC,2026-10-10T11:30:00Z,draw,0.185,0.18,0.19,0.1841,173.29958
2026-10-01T03:42:23Z,Arsenal FC vs. Leeds United FC,2026-10-10T11:30:00Z,away,0.105,0.1,0.11,0.1045,329.32968600000004
2026-10-01T03:42:23Z,Sunderland AFC vs. Brighton & Hove Albion FC,2026-10-10T14:00:00Z,home,0.32,0.31,0.33,0.32,112.747309
2026-10-01T03:42:23Z,Sunderland AFC vs. Brighton & Hove Albion FC,2026-10-10T14:00:00Z,draw,0.275,0.27,0.28,0.275,3.23
2026-10-01T03:42:23Z,Sunderland AFC vs. Brighton & Hove Albion FC,2026-10-10T14:00:00Z,away,0.405,0.4,0.41,0.405,1955.6300350000001
2026-10-01T03:42:23Z,Manchester United FC vs. Tottenham Hotspur FC,2026-10-10T16:30:00Z,home,0.57,0.56,0.58,0.5644,743.7427209999998
2026-10-01T03:42:23Z,Manchester United FC vs. Tottenham Hotspur FC,2026-10-10T16:30:00Z,draw,0.225,0.22,0.23,0.2228,274.156235
2026-10-01T03:42:23Z,Manchester United FC vs. Tottenham Hotspur FC,2026-10-10T16:30:00Z,away,0.215,0.21,0.22,0.2129,542.810663
2026-10-01T03:42:23Z,Chelsea FC vs. AFC Bournemouth,2026-10-10T14:00:00Z,home,0.565,0.56,0.57,0.5594,808.721408
2026-10-01T03:42:23Z,Chelsea FC vs. AFC Bournemouth,2026-10-10T14:00:00Z,draw,0.235,0.23,0.24,0.2327,32
2026-10-01T03:42:23Z,Chelsea FC vs. AFC Bournemouth,2026-10-10T14:00:00Z,away,0.21,0.2,0.22,0.2079,346.595239
2026-10-01T03:42:23Z,Aston Villa FC vs. Brentford FC,2026-10-10T14:00:00Z,home,0.365,0.36,0.37,0.3614,110
2026-10-01T03:42:23Z,Aston Villa FC vs. Brentford FC,2026-10-10T14:00:00Z,draw,0.275,0.27,0.28,0.2723,10.714287
2026-10-01T03:42:23Z,Aston Villa FC vs. Brentford FC,2026-10-10T14:00:00Z,away,0.37,0.36,0.38,0.3663,328.3053239999999
2026-10-01T03:42:23Z,Hull City AFC vs. Everton FC,2026-10-11T13:00:00Z,home,0.255,0.25,0.26,0.2537,21.782308
2026-10-01T03:42:23Z,Hull City AFC vs. Everton FC,2026-10-11T13:00:00Z,draw,0.285,0.28,0.29,0.2836,35.09804
2026-10-01T03:42:23Z,Hull City AFC vs. Everton FC,2026-10-11T13:00:00Z,away,0.465,0.46,0.47,0.4627,358.136526
2026-10-01T03:42:23Z,Crystal Palace FC vs. Nottingham Forest FC,2026-10-11T13:00:00Z,home,0.365,0.36,0.37,0.3596,64.86243400000001
2026-10-01T03:42:23Z,Crystal Palace FC vs. Nottingham Forest FC,2026-10-11T13:00:00Z,draw,0.295,0.29,0.3,0.2906,3.333334
2026-10-01T03:42:23Z,Crystal Palace FC vs. Nottingham Forest FC,2026-10-11T13:00:00Z,away,0.355,0.35,0.36,0.3498,37.864866
2026-10-01T03:42:23Z,Coventry City FC vs. Newcastle United FC,2026-10-12T19:00:00Z,home,0.295,0.29,0.3,0.2935,
2026-10-01T03:42:23Z,Coventry City FC vs. Newcastle United FC,2026-10-12T19:00:00Z,draw,0.265,0.26,0.27,0.2637,3.703704
2026-10-01T03:42:23Z,Coventry City FC vs. Newcastle United FC,2026-10-12T19:00:00Z,away,0.445,0.44,0.45,0.4428,51.341431
2026-10-01T03:42:23Z,Ipswich Town FC vs. Fulham FC,2026-10-10T14:00:00Z,home,0.355,0.35,0.36,0.3568,5.555556
2026-10-01T03:42:23Z,Ipswich Town FC vs. Fulham FC,2026-10-10T14:00:00Z,draw,0.265,0.26,0.27,0.2663,22.142858000000004
2026-10-01T03:42:23Z,Ipswich Town FC vs. Fulham FC,2026-10-10T14:00:00Z,away,0.375,0.37,0.38,0.3769,14.7
2026-10-01T03:43:41Z,Liverpool FC vs. Manchester City FC,2026-10-11T15:30:00Z,home,0.375,0.37,0.38,0.3695,1202.467413
2026-10-01T03:43:41Z,Liverpool FC vs. Manchester City FC,2026-10-11T15:30:00Z,draw,0.255,0.25,0.26,0.2512,54.472935
2026-10-01T03:43:41Z,Liverpool FC vs. Manchester City FC,2026-10-11T15:30:00Z,away,0.385,0.38,0.39,0.3793,7751.118787999999
2026-10-01T03:43:41Z,Arsenal FC vs. Leeds United FC,2026-10-10T11:30:00Z,home,0.715,0.71,0.72,0.7114,1866.952505
2026-10-01T03:43:41Z,Arsenal FC vs. Leeds United FC,2026-10-10T11:30:00Z,draw,0.185,0.18,0.19,0.1841,173.29958
2026-10-01T03:43:41Z,Arsenal FC vs. Leeds United FC,2026-10-10T11:30:00Z,away,0.105,0.1,0.11,0.1045,329.32968600000004
2026-10-01T03:43:41Z,Sunderland AFC vs. Brighton & Hove Albion FC,2026-10-10T14:00:00Z,home,0.32,0.31,0.33,0.32,112.747309
2026-10-01T03:43:41Z,Sunderland AFC vs. Brighton & Hove Albion FC,2026-10-10T14:00:00Z,draw,0.275,0.27,0.28,0.275,3.23
2026-10-01T03:43:41Z,Sunderland AFC vs. Brighton & Hove Albion FC,2026-10-10T14:00:00Z,away,0.405,0.4,0.41,0.405,1955.6300350000001
2026-10-01T03:43:41Z,Manchester United FC vs. Tottenham Hotspur FC,2026-10-10T16:30:00Z,home,0.57,0.56,0.58,0.5644,743.7427209999998
2026-10-01T03:43:41Z,Manchester United FC vs. Tottenham Hotspur FC,2026-10-10T16:30:00Z,draw,0.225,0.22,0.23,0.2228,274.156235
2026-10-01T03:43:41Z,Manchester United FC vs. Tottenham Hotspur FC,2026-10-10T16:30:00Z,away,0.215,0.21,0.22,0.2129,542.810663
2026-10-01T03:43:41Z,Chelsea FC vs. AFC Bournemouth,2026-10-10T14:00:00Z,home,0.565,0.56,0.57,0.5594,808.721408
2026-10-01T03:43:41Z,Chelsea FC vs. AFC Bournemouth,2026-10-10T14:00:00Z,draw,0.235,0.23,0.24,0.2327,32
2026-10-01T03:43:41Z,Chelsea FC vs. AFC Bournemouth,2026-10-10T14:00:00Z,away,0.21,0.2,0.22,0.2079,346.595239
2026-10-01T03:43:41Z,Aston Villa FC vs. Brentford FC,2026-10-10T14:00:00Z,home,0.365,0.36,0.37,0.3614,110
2026-10-01T03:43:41Z,Aston Villa FC vs. Brentford FC,2026-10-10T14:00:00Z,draw,0.275,0.27,0.28,0.2723,10.714287
2026-10-01T03:43:41Z,Aston Villa FC vs. Brentford FC,2026-10-10T14:00:00Z,away,0.37,0.36,0.38,0.3663,328.3053239999999
2026-10-01T03:43:41Z,Hull City AFC vs. Everton FC,2026-10-11T13:00:00Z,home,0.255,0.25,0.26,0.2537,21.782308
2026-10-01T03:43:41Z,Hull City AFC vs. Everton FC,2026-10-11T13:00:00Z,draw,0.285,0.28,0.29,0.2836,35.09804
2026-10-01T03:43:41Z,Hull City AFC vs. Everton FC,2026-10-11T13:00:00Z,away,0.465,0.46,0.47,0.4627,358.136526
2026-10-01T03:43:41Z,Crystal Palace FC vs. Nottingham Forest FC,2026-10-11T13:00:00Z,home,0.365,0.36,0.37,0.3596,64.86243400000001
2026-10-01T03:43:41Z,Crystal Palace FC vs. Nottingham Forest FC,2026-10-11T13:00:00Z,draw,0.295,0.29,0.3,0.2906,3.333334
2026-10-01T03:43:41Z,Crystal Palace FC vs. Nottingham Forest FC,2026-10-11T13:00:00Z,away,0.355,0.35,0.36,0.3498,37.864866
2026-10-01T03:43:41Z,Coventry City FC vs. Newcastle United FC,2026-10-12T19:00:00Z,home,0.295,0.29,0.3,0.2935,
2026-10-01T03:43:41Z,Coventry City FC vs. Newcastle United FC,2026-10-12T19:00:00Z,draw,0.265,0.26,0.27,0.2637,3.703704
2026-10-01T03:43:41Z,Coventry City FC vs. Newcastle United FC,2026-10-12T19:00:00Z,away,0.445,0.44,0.45,0.4428,51.341431
2026-10-01T03:43:41Z,Ipswich Town FC vs. Fulham FC,2026-10-10T14:00:00Z,home,0.355,0.35,0.36,0.3568,5.555556
2026-10-01T03:43:41Z,Ipswich Town FC vs. Fulham FC,2026-10-10T14:00:00Z,draw,0.265,0.26,0.27,0.2663,22.142858000000004
2026-10-01T03:43:41Z,Ipswich Town FC vs. Fulham FC,2026-10-10T14:00:00Z,away,0.375,0.37,0.38,0.3769,14.7
